[
  {
    "id": "bk_1758463022476",
    "createdAt": "2025-09-21T13:57:02.476Z",
    "date": "2025-09-11",
    "startTime": "10:56",
    "endTime": "21:58",
    "roomType": "open-desk",
    "attendees": 1,
    "purpose": "lkj",
    "contact": {
      "name": "Carlton Payne III",
      "email": "carlton.payne@hotmail.com",
      "phone": "18037301548"
    },
    "depositAmount": 20,
    "depositStatus": "due",
    "status": "requested"
  },
  {
    "id": "bk_1758466231924",
    "createdAt": "2025-09-21T14:50:31.924Z",
    "date": "2025-09-24",
    "startTime": "10:50",
    "endTime": "22:52",
    "roomType": "open-desk",
    "attendees": 1,
    "purpose": "lkj",
    "contact": {
      "name": "Carlton Payne III",
      "email": "carlton.payne@hotmail.com",
      "phone": "8037301548"
    },
    "depositAmount": 20,
    "depositStatus": "due",
    "status": "requested"
  }
]