{
  "sess_141c7789a8a9a2789956b148cf61b79d": {
    "userId": "u_admin",
    "createdAt": 1758422671504
  },
  "sess_a65616ea891ed0ab0385abe5a8a40666": {
    "userId": "u_staff",
    "createdAt": 1758422751912
  },
  "sess_cb331607a15ce6a1690e0d5faf932bc6": {
    "userId": "u_admin",
    "createdAt": 1758422966084
  },
  "sess_f45bfa6a0810bf3fc942bca794d77c86": {
    "userId": "u_admin",
    "createdAt": 1758423380879
  },
  "sess_81104324555da4d5f2323da17e924b56": {
    "userId": "u_admin",
    "createdAt": 1758423441033
  },
  "sess_95c9e48aa22ebdaebd91f0fb2c10b284": {
    "userId": "u_staff",
    "createdAt": 1758423443951
  },
  "sess_5ea7b43f57c28b72f7f6cd6fa8c4fde5": {
    "userId": "u_cust",
    "createdAt": 1758423449221
  },
  "sess_b68e85c0f10cf9e21e1bb2143d0adcbb": {
    "userId": "u_admin",
    "createdAt": 1758423698619
  },
  "sess_1e8512cae9e398e56a2be50c0baecf93": {
    "userId": "u_admin",
    "createdAt": 1758423966289
  },
  "sess_a8d77fb72124cdbbcc12b593eec89253": {
    "userId": "u_staff",
    "createdAt": 1758424033512
  },
  "sess_e68b68c0dbba01cd75f98cc663976f53": {
    "userId": "u_cust",
    "createdAt": 1758424122236
  },
  "sess_c79d9d128e5dcf024d5c1283a00ab027": {
    "userId": "u_admin",
    "createdAt": 1758424219574
  },
  "sess_13df78131ac51b398a4f2a22b0c79968": {
    "userId": "u_admin",
    "createdAt": 1758424307143
  },
  "sess_441a405baee06ae63ce857bc57ee9021": {
    "userId": "u_admin",
    "createdAt": 1758424427226
  },
  "sess_f586121273d19d512b274b1e014edfe2": {
    "userId": "u_admin",
    "createdAt": 1758424447492
  },
  "sess_a08ed72e361dbc23a3d8504794f68e2c": {
    "userId": "u_staff",
    "createdAt": 1758424489876
  },
  "sess_d5ffd96a66515a5bbabd6fcd4f594303": {
    "userId": "u_cust",
    "createdAt": 1758424499721
  },
  "sess_7d9c52fc3c50def29e30660fbe715635": {
    "userId": "u_admin",
    "createdAt": 1758456822116
  },
  "sess_eeff019153580d28f6e8942de3cb8dda": {
    "userId": "u_admin",
    "createdAt": 1758465583138
  },
  "sess_004a6f817634dd0c835295736f651e58": {
    "userId": "u_admin",
    "createdAt": 1758466629509
  },
  "sess_50b438becc703094bbe223200c2b2771": {
    "userId": "u_admin",
    "createdAt": 1758484651882
  },
  "sess_6cf313dd8ce40d74e76063a9867be794": {
    "userId": "u_admin",
    "createdAt": 1758485267834
  },
  "sess_707745d263f2d621089d9f5ba5c6f61f": {
    "userId": "u_admin",
    "createdAt": 1758485793954
  },
  "sess_9132cc711e4d78ec5d42e212a119c24e": {
    "userId": "u_admin",
    "createdAt": 1758486818471
  },
  "sess_c40aca8bd7334b3757466a85d017de05": {
    "userId": "u_admin",
    "createdAt": 1758487184881
  },
  "sess_6560b905bf282838d9f63d6d38d3c008": {
    "userId": "u_admin",
    "createdAt": 1758487383541
  },
  "sess_be5d87101aa5c2e47d612d5189d4851b": {
    "userId": "u_staff",
    "createdAt": 1758487392165
  },
  "sess_407c3318153a3fb3906f35368729bbd1": {
    "userId": "u_staff",
    "createdAt": 1758487656862
  },
  "sess_cd06993758fd07d286f93177f7eebe44": {
    "userId": "u_admin",
    "createdAt": 1758488305557
  },
  "sess_c0d9e58e58767363c3290e2d59cd8dba": {
    "userId": "u_staff",
    "createdAt": 1758488313963
  },
  "sess_5c6b9c44cabeaec250abc73ff5c5049c": {
    "userId": "u_admin",
    "createdAt": 1758550352693
  }
}